{
  "task": "voice_disorder_svd",
  "positive_class": "1 = pathological",
  "confusion_order": "[[TN, FP], [FN, TP]] (scikit-learn order)",
  "n_records": 15555,
  "n_speakers": 1119,
  "class_counts": {
    "records": {
      "neg": 8834,
      "pos": 6721
    },
    "speakers": {
      "neg": 669,
      "pos": 450
    }
  },
  "per_record": {
    "auc": 0.7644593326894301,
    "accuracy": 0.7095467695274831,
    "confusion": [
      [
        6997,
        1837
      ],
      [
        2681,
        4040
      ]
    ]
  },
  "per_speaker": {
    "auc": 0.8662813486131873,
    "accuracy": 0.8042895442359249,
    "confusion": [
      [
        618,
        51
      ],
      [
        168,
        282
      ]
    ],
    "auc_ci95": [
      0.8438814851931531,
      0.8878918817244777
    ],
    "acc_ci95": [
      0.7801608579088471,
      0.8275245755138516
    ]
  },
  "bootstrap": {
    "n_resamples": 2000,
    "seed": 42
  },
  "committed_model_card": {
    "auc": 0.86,
    "accuracy": null
  },
  "matches_model_card": false
}