{
  "task": "parkinsons_sakar",
  "positive_class": "1 = parkinsons",
  "confusion_order": "[[TN, FP], [FN, TP]] (scikit-learn order)",
  "n_records": 755,
  "n_speakers": 252,
  "class_counts": {
    "records": {
      "neg": 192,
      "pos": 563
    },
    "speakers": {
      "neg": 64,
      "pos": 188
    }
  },
  "per_record": {
    "auc": 0.8386758066903492,
    "accuracy": 0.8158940397350993,
    "confusion": [
      [
        106,
        86
      ],
      [
        53,
        510
      ]
    ]
  },
  "per_speaker": {
    "auc": 0.8499418218085106,
    "accuracy": 0.8214285714285714,
    "confusion": [
      [
        35,
        29
      ],
      [
        16,
        172
      ]
    ],
    "auc_ci95": [
      0.7957590305129323,
      0.9013907248529379
    ],
    "acc_ci95": [
      0.7737103174603175,
      0.8690476190476191
    ]
  },
  "bootstrap": {
    "n_resamples": 2000,
    "seed": 42
  },
  "committed_model_card": {
    "auc": 0.83,
    "accuracy": null
  },
  "matches_model_card": false
}