{
  "task": "voice_disorder_svd",
  "evaluation": "GroupKFold(5) by speaker id, seed 42",
  "bootstrap": {
    "n_resamples": 2000,
    "seed": 42,
    "method": "percentile, paired over evaluation units"
  },
  "positive_class": "1 = pathological",
  "confusion_order": "[[TN, FP], [FN, TP]] (scikit-learn order)",
  "n_records": 15555,
  "n_speakers": 1119,
  "class_counts": {
    "records": {
      "neg": 8834,
      "pos": 6721
    },
    "speakers": {
      "neg": 669,
      "pos": 450
    }
  },
  "per_record": {
    "auroc": 0.7644593326894301,
    "auroc_ci95": [
      0.756580130607848,
      0.7721299521766662
    ],
    "auroc_bootstrap_mean": 0.7644271690300977,
    "auroc_bootstrap_sd": 0.003978585914437074,
    "accuracy": 0.7095467695274831,
    "accuracy_ci95": [
      0.7020234651237545,
      0.7168113146898103
    ],
    "accuracy_bootstrap_mean": 0.7095234651237545,
    "accuracy_bootstrap_sd": 0.0037943428686765053,
    "n_valid_resamples": 2000,
    "confusion": [
      [
        6997,
        1837
      ],
      [
        2681,
        4040
      ]
    ]
  },
  "per_speaker": {
    "auroc": 0.8662813486131873,
    "auroc_ci95": [
      0.8438814851931531,
      0.8878918817244777
    ],
    "auroc_bootstrap_mean": 0.8662924420525141,
    "auroc_bootstrap_sd": 0.011305016816934788,
    "accuracy": 0.8042895442359249,
    "accuracy_ci95": [
      0.7801608579088471,
      0.8275245755138516
    ],
    "accuracy_bootstrap_mean": 0.8041452189454871,
    "accuracy_bootstrap_sd": 0.01203100148224046,
    "n_valid_resamples": 2000,
    "confusion": [
      [
        618,
        51
      ],
      [
        168,
        282
      ]
    ],
    "sensitivity": 0.6266666666666667,
    "specificity": 0.9237668161434978
  }
}